index;author;title
1;"Souza, Joelmir Mariano de";"Estudo do ensaio de determinação da tenacidade à fratura em deformação plana (KIc) em PMMA e análise das tensões desenvolvidas por fotoelasticidade."
2;"Cristo, Sidinei Colodeti";"Modelagem matemática da condução de calor transiente e quase-estacionária no processo de refusão por eletroescória."
3;"Takahashi, Vivian Cristina Inacio";"Reciclagem de baterias de íon de Li: condicionamento físico e extração do Co."
4;"Campana, Rodrigo Camargo";"Parâmetros de processo, microestrutura e textura das ligas de aluminio AA6063 e AA6082 extrudadas."
5;"Santos, Alessandra Fernandes";"Avaliação do comportamento mecânico de um adesivo estrutural epóxi utilizado na indústria automobilística."
6;"Molisani, André Luiz";"Sinterização e caracterização de propriedades mecânicas de cerâmicas de nitreto de alumínio."
7;"Almeida, Leandro de";"Estudo comparativo da estampabilidade do latão UNS C22000 produzido inicialmente pelo processo de fundição contínua em comparação a fundição semicontínua."
8;"Pisano, Caio de Paula Camargo";"Caracterização e comparação dos procedimentos de obtenção da curva limite de conformação e das características de estampagem dos aços inoxidáveis DIN 1.4509 e AISI 321."
9;"Albanez, Nelma Elisa Farias Kunrath";"Preparação e caracterização de nanocompósitos preparados com argilas esmectitas (bentonita), amido e sacarose."
10;"Kurusu, Rafael Salles";"Efeito do tempo e do recozimento nas propriedades mecânicas e de biodegradação de materiais baseados em poli(3-hidroxibutirato) (PHB)."
11;"Lopes, André Sereno";"Aspectos da melhoria da estampabilidade de chapas de aço baixo teor de carbono."
12;"Nagayassu, Vanessa Yumi";"Análise crítica do ensaio NACE TM-0172 para verificação da agressividade de derivados de petróleo."
13;"Pillihuaman Zambrano, Adolfo";"Auto-redução e fusão redução de pelotas auto-redutoras de cromita."
14;"Zimmermann, Angelo José de Oliveira";"Encruamento e recristalização dos aços inoxidáveis EUROFER e ODS-EUROFER para aplicação em reatores de fusão nuclear."
15;"Ramírez Londoño, Antonio José";"Precipitação de fases intermetálicas e austenita secundária na ZAC de soldagens multipasse de aços inoxidáveis duplex."
16;"Moreira, Hamilton Soares";"Estudo da influência dos parâmetros de soldagem MIG e da morfologia do cordão no comportamento à fadiga de juntas soldadas de um eixo traseiro veicular."
17;"Andrade, Thiago Fontoura de";"Propriedades tribológicas do PEEK em ambiente lubrificado com óleo."
18;"Chaves, Ana Paula Gonçalves";"Rodas ferroviárias: análise, microestrutura e propostas de melhoria."
19;"Castro, Nicolau Apoena";"Controle da textura e da microestrutura durante o processo de fabricação de aços elétricos semiprocessados."
20;"Calderón Hernández, José Wilmar";"Efeito da temperatura de solubilização e da concentração de íons cloreto e sulfato sobre a resistência à corrosão por Pite dos aços inoxidáveis austeníticos 17Cr-6Mn-5Ni e UNS S30403."
21;"Guimarães, Thiago Ribeiro";"Nanocompósitos de elastômero SBR e argilas organofílicas."
22;"Pereira, Kleberson Ricardo de Oliveira";"Estudo, em escala de laboratório, do uso de argilas do tipo bofe na obtenção de argilas organofílicas e ativadas."
23;"Silvério, Valdir Anderson";"Estudo da evolução do tamanho de grão na laminação a quente de barras de aço médio carbono microligado ao vanádio - 38MnSiV5."
24;"Rodrigues Junior, Daniel Luiz";"Efeito do tamanho de grão e da indução magnética sobre o campo coercivo e dissipação de energia por histereses em aços para fins elétricos"
25;"Poetscher, Freddy";"Efeito do número de passes e do tratamento térmico pós-soldagem de liga de alumínio AA 6063 soldada por atrito linear com mistura (FSW)."
26;"Franco Júnior, Adonias Ribeiro";"Obtenção de revestimentos dúplex por nitretação a plasma e PVD-TiN em aços ferramenta AISI D2 e AISI H13."
27;"Souza, Marcos Rogério de";"Blenda de poli (tereftalato de etileno) com polietileno de baixa densidade."
28;"Angelo, Clayton Mamedes";"Fadiga de amplitude variável como parâmetro de projeto para eixos traseiros automotivos: uma análise do efeito das sobrecargas e da filtragem matemática na predição de vida em fadiga."
29;"Aguiar, Denilson José Marcolino de";"Estudo da formação e reversão de martensita induzida por deformação na austenita de dois aços inoxidáveis dúplex."
30;"Arrivabene, Lúcio Flávio";"Adição de resíduo da indústria de granito em escória de aciaria BOF visando sua utilização na produção de cimento."
31;"Batista, Márcio";"Estudo comparativo da soldabilidade de chapas para indústria automotiva utilizando dois equipamentos de soldagem a ponto por resistência."
32;"Serna Giraldo, Claudia Patricia";"Precipitação de fases intermetálicas na Zona Afetada pelo Calor de Temperatura Baixa (ZACTB) na soldagem multipasse de aços inoxidáveis duplex."
33;"Nagasima, Thiago Pires";"Refino de grão de ligas do sistema cobre-zinco."
34;"Biscuola, Vinicius Bertolazzi";"Modelo matemático híbrido determinístico-estocástico para a previsão da macroestrutura de grãos bruta de solidificação."
35;"Silva, Wagner Claudio da";"Argila organofílica como agente microbiano para tintas."
36;"Sakahara, Rogério Massanori";"Estudo da formação da fase cristalina beta nos compósitos de polipropileno contendo anidrido maléico e carbono de cálcio."
37;"Tsiloufas, Stergios Pericles";"Estudo da fratura dúctil em chapas de aço médio carbono sob a ótica da teoria da mecânica do dano."
38;"Marques Sobrinho, Vicente de Paulo Ferreira";"Adição de poeira de aciaria elétrica em ferro gusa líquido."
39;"Machado, Messias dos Santos";"Nanocompósito de poliestireno reciclado, bentonita sódica e hemi-hidrato de sulfato de cálcio: obtenção e caracterização."
40;"Bartolomei, Suellen Signer";"Estudo de nanocompósitos formados por PLA e nanopartículas de celulose."
41;"Pillihuaman Zambrano, Adolfo";"Estudo da redução de pelotas auto-redutoras de cromita."
42;"Fernandes, Laércio Lima";"Obtenção da blenda polipropileno reprocessado/poliestireno de alto impacto e seu comportamento diante a radiação UV."
43;"Rodrigues, José Carlos";"Síntese e caracterização de macromoléculas do tipo Poli(Ácido carboxílico)-Poli(Eter-poliol) com propriedades termoplásticas e termorrígidas e avaliação de propriedades mecânicas cerâmicos à base de caulim."
44;"Conceição, Edilene de Souza";"Influência da distribuição granulométrica no empacotamento de matérias-primas na formulação de porcelânicos."
45;"Ferro, Daniel Augusto";"Caracterização e estampabilidade de um aço SAE 1080 fosfatizado."
46;"Cardoso, Guilherme Huaskar Wittée";"Obtenção de carvão de resíduos sólidos orgânicos alimentares."
47;"Quispe Avilés, Janeth Marlene";"Investigação da relação entre a suscetibilidade ao trincamento induzido pelo hidrogênio (HIC) e parâmetros de resistência à corrosão de tubos de aços ARBL graus API 5L X65 e X80."
48;"Andrade, Roberto Silva de";"Efeito da basicidade e do teor de MgO no inchamento de pelotas de minério de ferro."
49;"Passagem, Fernando Cesar Loss";"Análise crítica do ensaio de determinação da curva mestre (ASTM E 1921) aplicado a um aço da classe API 5L X80."
50;"Minatel, Rogério";"Um estudo comparativo sobre a recristalização de chapas de alumínio AA1200 e AA3003 obtidas por lingotamento contínuo (twin roll caster) e por fundição de placas (direct chill)."
51;"Santos, Cláudio Eduardo Rocha dos";"Avaliação comparativa da resistência à fadiga de contato para um aço ferramenta com microestruturas martensíticas e bainíticas."
52;"Hurtado Ferrer, Modesto";"Estudo das transformações de fase de aços TRIP ao Si-Mn microligados com Nb."
53;"Coelho, Caio Parra Dantas";"Obtenção e caracterização de nanocompósitos de poliestireno e argilas esmectíticas."
54;"Santos, Alessandra Fernandes";"Efeito da irradiação por feixe de elétrons sobre as propriedades físicas e químicas de uma resina de polipropileno."
55;"Hincapié Ramírez, Alexander";"Influência dos íons brometo e cloreto sobre a resistência à corrosão por pite de diferentes aços inoxidáveis austeníticos e ferríticos."
56;"Ferrari, Jean Vicente";"Contaminação com sal de cloreto e cromatização da superfície do aço zincado no processo não-contínuo de zincagem por imersão a quente: influência no desempenho de tintas e determinação de pré-tratamentos para pintura adequados."
57;"Araújo, Mishene Christie Pinheiro Bezerra de";"Reciclagem de fios e cabos elétricos."
58;"Candel, Estevan Helio Panisello";"Soldagem dos aços inoxidáveis superduplex UNS S32750 e UNS S32760."
59;"Eleno, Luiz Tadeu Fernandes";"Dados empíricos e ab initio no método CALPHAD: os sistemas Fe-Cr-Mo-C e Nb-Ni-Si."
60;"Silva, Robson Leandro";"Análise do processo de descarburação via VOD de aços inoxidáveis com alto teor de carbono inicial."
61;"Silva, Eduardo Cavalcante da";"A influência do recozimento descarbonetante nas propriedades magnéticas de aços para fins elétricos."
62;"Aguiar, Davi Teves de";"Modelo matemático multigrãos e multifásico para a previsão da solidificação equiaxial."
63;"Vargas, Isabella Marini";"Reciclagem de vidro laminado: utilização na fabricação de isolantes e vernizes com alta resistência à abrasão para pisos de madeira."
64;"Paulino, Wilson de Sousa";"Austenitização de aço hipoeutetóide a partir de estrutura esferoidizada e de estrutura normalizada."
65;"Ramos, Diego da Rocha";"Investigação de novas rotas de tratamento térmico em aço para rolamento."
66;"Nogueira, Alberto Eloy Anduze";"Estudo da redução carbotérmica de minérios de ferro na forma de pelotas ou misturas autorredutoras em forno rotativo."
67;"Kraszczuk, André";"Caracterização microestrutural, mecânica e tribológica de um aço AISI 440B após os tratamentos de têmpera e nitretação a plasma."
68;"Kimura, Vanessa Tiemi";"Produção e caracterização de scaffolds de diferentes espessuras obtidos por eletrofiação de nanofibra polimérica e proteína."
69;"Bizi, Claudia Maria Pena";"Efeito das condições de processamento e da adição de borracha trans-polioctenileno nas propriedades de blendas de borracha natural/estireno butadieno."
70;"Carastan, Danilo Justino";"Obtenção e caracterização reológica de nanocompósitos de polímeros estirênicos."
71;"Souza, Fabrício Mendes";"Estudo da microestrutura, da textura cristalográfica e da recristalização em chapas obtidas por lingotamento contínuo e semicontínuo da liga de alumínio AA4006."
72;"Vacca Dilavarian, Santiago Marcelo";"Modelagem matemática da transferência de calor durante a fundição centrífuga."
73;"Castro, Ricardo Hauch Ribeiro de";"Estudo da influência de aditivos na transformação de fase gama-alfa da alumina."
74;"Yamane, Luciana Harue";"Recuperação de metais de placas de circuito impresso de computadores obsoletos através de processo biohidrometalúrgico."
75;"Grillo, Felipe Fardin";"Estudo da substituição da fluorita por alumina ou sodalita e de cal por resíduo de mármore em escórias sintéticas dessulfurantes."
76;"Turetta, Ivonei";"Análise do desgaste de eletrodos de solda por resistência a ponto em função do número de pontos soldados em chapas galvanizadas."
77;"Morais, Douglas";"Avaliação da tensão superficial do PVB e da PA-6."
78;"Gonzales Fernandes, Marcos";"Obtenção de nanocompósitos de borracha natural e organoargila com variação no processo de organofilização."
79;"Monea, Rosa Maria Jazra";"Estudo da viabilidade de incorporação de borracha moída de pneus em asfaltos para impermeabilização na construção civil."
80;"Borges, Daliana Gomes";"Aproveitamento de embalagens cartonadas em compósito de polietileno de baixa densidade."
81;"Santos, Lino José Cardoso";"Avaliação do ciclo de vida e custeio do ciclo de vida de evaporadores para usinas de açúcar."
82;"Monobe, Luis Shiguenobu";"Caracterização do envelhecimento da liga 20Cr32Ni+Nb fundida por centrifugação e de seu efeito sobre o comportamento mecânico a frio."
83;"Sant'Anna, José Alex Piccolo";"Subsídios para seleção de materiais poliméricos termoplásticos."
84;"Ferreira, Dario Magno Batista";"Metodologia para simulação computacional da distribuição de temperaturas para identificar sub-regiões reaquecidas da ZAC e avaliar suas influências nas propriedades mecânicas na soldagem multipasse de aço API 5L X80."
85;"Fiori, Marco Aurelio Pereira";"Avaliação do efeito da deformação plástica sobre a permeabilidade ao hidrogênio de dois tubos API 5L X65 em meio sour."
86;"Cunha, Rodrigo Potenza da";"Caracterização mecânica e metalográfica de uma liga de alumínio empregada para cabeçote de motor flex."
87;"Camarão, Arnaldo Freitas";"Um modelo para previsão de tensões residuais em cilindros de aço temperados por indução."
88;"Paiva, Flávio Gil Alves";"Caracterização de junta soldada por atrito linear com mistura (FSW) da liga Al-Mg-Si AA 6063."
89;"Peres, Fabiano Moreno";"Desenvolvimento de métodos alternativos para a avaliação da resistência à fratura por fluência de resinas de polietileno utilizadas para a extrusão de tubos de água."
90;"Lins, Pedro Garcia";"Obtenção e caracterização de nanocompósitos de PS / argila esmectítica."
91;"Alves, Joner Oliveira";"Síntese de nanotubos de carbono a partir do reaproveitamento de resíduos sólidos carbonosos."
92;"Hincapie-Ladino, Duberney";"Corrosão, permeabilidade e danos provocados por hidrogênio em aços microligados."
93;"Araujo, Juliano Avelar";"Obtenção e caracterização microestrutural e química de recobrimentos multicamadas de NbN/CrN para aplicações tribológicas pelo processo de deposição física de vapor."
94;"Carvalho, Leandro Gomes de";"Um estudo cinético da precipitação de compostos intermetálicos e da reversão da martensita em aços maraging 300 e 350."
95;"Apaza Huallpa, Edgar";"Emissão magnética espontânea (SME) na transformação martensítica."
96;"Gonçalves, Cecília Korber";"Pirólise e combustão de resíduos plásticos."
97;"Stagetti, Fabio";"Encruamento e recristalização dos aços rápidos AISI M2 e ABC III: um estudo comparativo."
98;"Stuewe, Luciana";"Avaliação da influência do cromo e molibdênio na solidificação e formação de rechupes em ferros fundidos cinzentos."
99;"Santos Filho, Dinecio dos";"Alterações metalúrgicas e topográficas do cilindro de bloco de motor de combustão interna flex-fuel."
100;"Lagarinhos, Carlos Alberto Ferreira";"Reciclagem de pneus: análise do impacto da legislação ambiental através da logística reversa."
101;"Carvalho, André Luis de";"Avaliação comparativa da interação intermolecular do PMMA em termoformagem."
102;"Cavalcante, Renata Andrade Kobayashi";"Estudo do efeito de compostos de selênio em vidros soda-cal-sílica."
103;"Gomes Filho, Omar";"Influência da corrente elétrica, da força de recalque e do tratamento térmico de revenimento na soldagem topo-a-topo por centelhamento de serras de fita bimetálica."
104;"Rodrigues, Aline Alves";"Investigação das características tribológicas e ambientais de termoplásticos de engenharia especiais para uso em materiais de atrito."
105;"Mesquita, Fábio Agnelli";"Modificação das propriedades do polietileno de alta densidade por diferentes condições de extrusão."
106;"Sayeg, Isaac Jamil";"Caracterização microestrutural da decomposição de carbonetos eutéticos M2C em ferro fundido multicomponente do tipo Fe-2C-5V-5Cr-5Mo-5W tratados isotermicamente à 950ºC e 1.050ºC."
107;"Telles, Victor Bridi";"Reciclagem da poeira de aciaria elétrica na sinterização de minério de ferro visando a eliminação de zinco."
108;"Scuracchio, Bruno Geoffroy";"Influência dos elementos de liga no intervalo de solidificação do aço inoxidável martensítico CA6NM."
109;"Marcomini, José Benedito";"Caracterização da nova liga Fe-C-Mn-Si-Cr: fragilização da martensita revenida e curvas de revenimento."
110;"Silva, Anderson José Saretta Tomaz da";"Têmpera e partição em ferros fundidos nodulares."
111;"Camargo, Marco Túlio Terrell de";"Síntese de aluminato de magnésio por meio da técnica de pirólise de spray gerado por pulverização ultrassônica."
112;"Tavares, Caio Fazzioli";"Influência da composição química e da espessura da peça fundida na quantidade e distribuição de ferrita delta em aços inoxidáveis austeníticos."
113;"Gonzalez Ramírez, Mario Fernando";"Estudo da transformação durante o resfriamento continuo e da microestrutura do aço microligado X80 utilizado na construção de tubos para transporte de gás natural e petróleo."
114;"Araújo Junior, João de";"Estudo da degradação parcial de filmes de blendas de poli(tereftalato de butileno-co-adipato de butileno) e poli(ácido láctico) no processo de compostagem doméstica."
115;"Ruiz, Ilza Aparecida dos Santos";"Adição de EPDM ou anidrido maléico na blenda LDPE/PA6 e suas propriedades finais."
116;"Sartori, Carlos Humberto";"Influência dos tratamentos térmicos e tratamentos criogênicos na tenacidade do aço rápido AISI M2."
117;"Scarazzato, Tatiana";"Tratamento de efluente contendo HEDP por eletrodiálise."
118;"Correia, Fábio Conte";"Síntese e caracterização de polímeros contendo 9,9-dioctilfluoreno e 8-oxioctilquinolina para utilização como camada emissora de PLEDs."
119;"Liberto, Rodrigo César Nascimento";"Corrosão-erosão da liga Cu10Ni-3Al-1, 3Fe em presença de íons cloreto, sulfeto e sulfato."
120;"Roriz, Elizabeth Rodrigues Rangel";"Reciclagem de pilhas: recuperação do manganês na forma do dióxido de manganês eletrolítico."
121;"Pineda Arango, Diego Alfonso";"Efeito da inoculação na macroestrutura de grãos de ligas AI-Si obtidas por solidificação unidirecional."
122;"Oliveira, Antônio Fabiano de";"Caracterização de um aço IF após relaminação no laminador de encruamento."
123;"Pizzitola, Ivani Caetano dos Passos";"Efeito da incorporação de fibras curtas de sílica amorfa em compósitos de polipropileno utilizados pela indústria automotiva nacional."
124;"Pereira, Gilberto José";"Avaliação do excesso de superfície em pós nanométricos de SnO2 obtidos pelo método Pechini."
125;"Azevedo, Cesar Roberto de Farias";"Efeito do tamanho do grão austenítico na cinética e na morfologia do produto da reação bainítica de um ferro fundido nodular austemperado."
126;"Forini, Sérgio Henrique";"Estudo da dispersão e incorporação de argilas esmectíticas em plastisol."
127;"Cardoso, Cristiano";"Revestimentos de níquel químico para proteção contra corrosão."
128;"Bezerra, Maria Carolina Campello";"Avaliação do efeito do carbono em fluxantes para lingotamento contínuo de aços."
129;"Vargas Garcia, Erick Renato";"Efeito da corrente de soldagem do processo TIG pulsado autógeno na microestrutura da zona fundida dos aços inoxidáveis duplex UNS S32304 e UNS S32101."
130;"Sanchez Chavez, Giancarlo Franko";"Simulação física e caracterização de zonas afetadas pelo calor de aços API 5L grau X80."
131;"Pauli, Evandro Armini de";"Estudo da soldabilidade do aço inoxidável Lean Duplex UNS S82441 utilizando o processo MIG/MAG com diferentes energias de soldagem."
132;"Serbino, Edison Marcelo";"Um estudo dos mecanismos de desgaste em disco de freio automotivo ventilado de ferro fundido cinzento perlítico com grafita lamelar."
133;"Silva, Maria do Carmo Amorim da";"Avaliação da textura e da microestrutura de deformação de um aço elétrico GNO com 1,25% de Si laminado a frio."
134;"Miagava, Joice";"Modificação da energia de superfície em nano-óxidos do sistema SnO2-TiO2 preparados por síntese química."
135;"Vaccioli, Kleber";"Estudo da blenda PBAT/PLA com cargas."
136;"Valim, Fernanda Cabrera Flores";"Comportamento reológico de compósitos reforçados com óxido de grafite em matriz de poli(metacrilato de metila)."
137;"Vossen, Cláudio Alexander";"Nanocompósitos de ABS/PA e argilas organofílicas."
138;"Kubaski, Evaldo Toniolo";"Efeito das variáveis de moagem e dos moinhos de alta energia sobre a síntese do composto intermetálico NiAl."
139;"Otomar, Heber Pires";"Estudo comparativo da estampabilidade da liga de aluminio AA1050 partindo de placas obtidas por vazamento direto e bobinas obtidas por vazamento contínuo."
140;"Silva, Paula Fernanda da";"Desgaste e fadiga térmica de ligas \'aço matriz + NbC\'."
141;"Rosario, Deise Cristina Carvalho do";"Estabilização das nanopartículas de SnO2 - ZnO dopados: um estudo termodinâmico"
142;"Negreti, Maria Anita de Paula";"Obtenção e caracterização de compósitos poliméricos com óxido de grafeno reduzido."
143;"Serantoni, Claudia Regina";"Nucleação e crescimento do eutético austenita/VC em ligas do sistema Fe-V-C."
144;"Garcia, Marta Cristina Suarez";"Modificação do resíduo de bauxita gerado no processo Bayer por tratamento térmico."
145;"Toma, Rafael Eiji";"Comparação de juntas soldadas de aço inoxidável AISI 304 para aplicação em baixa temperatura utilizando-se a soldagem por arco submerso."
146;"Gomes, Leila Veronica da Rocha";"Preparação e caracterização de nanocompósitos de polipropileno reforçados com argila verde lodo e fibra da castanha-do-brasil."
147;"Caliman, Lorena Batista";"Sinterização flash do condutor catiônico beta-alumina sintetizada pelo método dos precursores poliméricos."
148;"Lili, Zhao";"Síntese e caracterização do copolímero tribloco anfifílico biodegradável poli(L, L-lactídeo-stat-e-caprolactona)-bloco-poli(óxido de etileno)-bloco-poli(L, L-lactídeo-stat-e-caprolactona)."
149;"Farina, Alexandre Bellegard";"Avaliação da seqüência de transformações de fases do aço AISI 430 convencional."
150;"Zimmermann, Margarita Rosa Bobadilla";"Nitretação a plasma de um aço inoxidável duplex 2205."
151;"Chambi Peralta, Marvin Marco";"Tratamento químico de uma vermiculita visando seu uso em compósitos de polipropileno."
152;"Molisani, André Luiz";"Sinterização de nitreto de alumínio com compostos contendo cálcio."
153;"López Ochoa, Diana Maria";"Estudo do desgaste erosivo-corrosivo de aços inoxidáveis de alto nitrogênio em meio lamacento."
154;"Cardoso, Roberto";"Estudo sobre a incidência das porosidades e sua identificação em uma liga de alumínio A356."
155;"Arteaga Vasquez, Ana Maria";"Estudo das propriedades reológicas de polipropilenos em fluxos de cisalhamento e fluxos elongacionais."
156;"Scuracchio, Bruno Geoffroy";"Tensões residuais induzidas por shot-peening e durabilidade de molas em lâmina."
157;"Hildebrando, Edemarino Araujo";"Síntese de zeólita do tipo faujasita utilizando rejeito de caulim da Amazônia como fonte de silício e alumínio: aplicação como adsorvente."
158;"Entringer, José Marcos Stelzer";"Influência da adição de ânions cloreto, fluoreto e sulfato nas propriedades físico-químicas da zircônia sintetizada pelo método Pechini."
159;"Lamotte, Alan";"Estudo da solidificação equiaxial utilizando o modelo do campo de fases tridimensional."
160;"Rodrigues, Ana Cecilia Pontes";"Efeito do cobre como adição interfacial no sistema tribológico pino X disco."
161;"Souza, Joelmir Mariano de";"Estudo e avaliação mecânica das juntas soldadas por ultra-som de policarbonato e poli (metacrilato de metila)."
162;"Faco, Rubens José";"Levantamento das inclusões nos principais grupos de aços produzidos em aciaria do tipo LD."
163;"Varela Jiménez, Luis Bernardo";"Estudo dos micromecanismos de dano por cativação em aço inoxidável UNS S 31803 de alto teor de nitrogênio com e sem encruamento."
164;"Santos Martinez, Juan David";"Estudo comparativo da resistência à corrosão e permeabilidade do hidrogênio de aços API grau X65 baixo manganês em solução B da norma NACE TM-0284."
165;"Bragato, Marcia";"Tratamento \'in-situ\' de solo contaminado por derivado de petróleo e metais."
166;"Hernández Díaz, Cristian Camilo";"Estudo da possibilidade de uso de lodo de esgoto e lama vermelha como matérias-primas cerâmicas."
167;"Cerqueira, Alex da Silva";"Uso de planejamento granulométrico para a preparação de dispersões aquosas para colagem em fitas de alumina."
168;"Abe, Rodnei Massamiti";"Estudo do poliuretano de alta densidade para proteção externa de oleodutos térmicos."
169;"Botton, Tatiana";"Estudo comparativo da resistência à corrosão em meio ácido e em meio contendo cloreto dos aços inoxidáveis UNS S44400, UNS S30403 e UNS S31603, obtidos por laminação a quente."
170;"Oliveira, Theógenes Silva de";"Refino de silício por solidificação direcional."
171;"Choquechambi Catorceno, Litzy Lina";"Estudo do encruamento, recristalização e crescimento de grão em chapa da liga de magnésio AZ31B (Mg - 3%Al - 1%Zn - 0,3%Mn)."
172;"Gómez Gómez, Adriana";"Determinação do teor de alumínio em drosses brancas de alumínio utilizando difração de raios-x."
173;"Serna-Giraldo, Carlos Augusto";"Resistência à corrosão intergranular do aço inoxidável ferrítico UNS S43000: avaliação por método de reativação eletroquímica, efeito de tratamento isotérmico e mecanismo de sensitização."
174;"Herrera Pulgarín, Clara Inés";"Estudo dos fenômenos que ocorrem durante o recozimento dos aços inoxidáveis austeníticos 304L e 316L deformados em várias temperaturas."
175;"Peres, Fabiano Moreno";"Métodos de mecânica da fratura aplicados a polietileno de média densidade destinado à extrusão de tubos."
176;"Correia, Fábio Conte";"Copolímeros emissores de luz contendo grupos fluoreno e quinolina: preparação, caracterização e montagem de LEDs."
177;"Zimmermann, Angelo José de Oliveira";"Encruamento, recristalização e textura cristalográfica de zircônio puro e da liga Zircaloy-4."
178;"Beraldo, Camila Haga";"Efeito da temperatura de envelhecimento sobre as propriedades mecânicas e resistência à corrosão por pite do aço inoxidável martensítico endurecido por precipitação UNS S46500."
179;"Amurin, Leice Gonçalves";"O estudo do comportamento reológico de nanocompósitos de copolímeros em bloco contendo nanocargas."
180;"Castro, Maria Leonora de";"Copolímeros estatísticos biodegradáveis de epsilon-caprolactona e L,L-dilactídeo - síntese, caracterização e propriedades."
181;"Echeverri, Edwan Anderson Ariza";"Análise numérica e experimental de um aço TRIP submetido aos processos de estampagem a quente e têmpera e partição (Q&P)."
182;"Recco, Abel André Cândido";"Estudo da obtenção e das propriedades dos filmes de TiN e TiC depositados sobre aços ferramentas AISI H13 e D2 nitretados e não nitretados."
183;"Brandão, Bryane Prando";"Influência do tempo de imersão em solução aquosa contendo H2S  sobre a tenacidade de tubo API 5L X65 sour avaliada a partir de ensaio Charpy"
184;"Oliveira, Camila Fernanda de Paula";"Obtenção e caracterização de amido termoplástico e de suas misturas com polipropileno."
185;"Abreu, Míriam Antonio de";"Reciclagem do resíduo de cromo da indústria do curtume como pigmentos cerâmicos."
186;"Serbino, Edison Marcelo";"Estudo dos mecanismos de fadiga e análise de desempenho em mola para válvula automotiva em regime de alto e ultra-alto ciclo."
187;"Ribeiro, Anderson Clayton Nascimento";"Avaliação da soldagem do aço naval AH36 microligado soldado pelo processo arco submerso com um e dois arames."
188;"Ogata, Paulo Henrique";"Compósitos ferro-grafita para componentes de motores com propriedades tribológicas melhoradas."
189;"Sekeres, Thiago de Souza";"Inter-relação entre parâmetros de rugosidade 2D/3D e a estampabilidade de chapas de aço de baixo carbono laminadas a frio para a indústria automotiva."
190;"Sánchez González, Adriana Maria";"Cristalização de um vidro de basalto."
191;"Yoshikawa, Daniel Sierra";"Correlação entre microestrutura e comportamento de corrosão em duas ligas do sistema Al-Fe-Si produzidas pelos processos industriais de lingotamento contínuo e semi-contínuo."
192;"Ribeiro, Alcidio Pinheiro";"Avaliação do uso de resíduos sólidos inorgânicos da produção de celulose em materiais cerâmicos."
193;"Souza, André Rangel";"Obtenção e caracterização de compostos de poli(etér-siloxano) e titanato de bário."
194;"Lyra, Jorge Santos";"Estudo da influência de policarboxilato comercial na hidratação, reologia e físico-química de superfície do cimento."
195;"Almeida, Alan Barros de";"Detecção da transformação da austenita retida por deformação plástica em aços para gasodutos classe API 5L X80 através de medidas magnéticas."
196;"Silva, Claudia Regina Serantoni da";"Fadiga térmica de ferros fundidos brancos multicomponentes."
197;"Castro, Edmilson Renato de";"Contribuição ao estudo da redução carbotérmica de minério de ferro empregando energia de micro-ondas."
198;"Mamani-Calcina, Elmer Antonio";"Microanálise de inclusões não-metálicas de artefatos ferrosos: investigação da assinatura química de procedência (Real Fábrica de Ferro São João de Ipanema, Sítio de Afonso Sardinha, Sítio de Missões e Mossend Iron Works) por análise hierárquica de conglomerados."
199;"Baratelli, Angela Christina Finholdt";"Estudo de materiais para eletrodos de tochas de plasma."
200;"Varón Cardona, Lina Maria";"Estudo experimental da secagem e carbonização do Eucalipto Saligna para produção de carvão vegetal."
201;"Marcos, Kelly Nanci Pinto";"Área específica, morfologia e estrutura de aluminas obtidas a partir de alguns precursores."
202;"Rosário, Deise Cristina Carvalho do";"Estudo da influência dos íons Mg2+ e Zr4+ na transição de fase amorfo-gama da alumina."
203;"Takano, Cyro";"Estudo da influência de alguns combustíveis na sinterização de minério hematítico."
204;"Castro, Edmilson Renato de";"Contribuição ao desenvolvimento da redução carbotérmica de óxidos metálicos empregando energia de microondas."
205;"Moraes, Luís Augusto Batista de";"Caracterização de macro e micro-inclusões em aços acalmados ao alumínio produzidos por lingotamento contínuo."
206;"Rojas Arango, Juan Marcelo";"Análise térmica de ligas Al-Si com adição de inoculante."
207;"Rocha, David Bellentani";"Estudo da soldabilidade do tubo API 5L X80 utilizando os processos de soldagem: MAG com transferência controlada e eletrodo tubular."
208;"Carvalho Junior, Ivan Parreiras de";"Estudo da utilização de energia de microondas na redução de minério de ferro por carbono na forma de pelotas auto-redutoras."
209;"Lima, Aurianny Pereira";"Estudo da fase cristalina beta em compósitos de polipropileno."
210;"Medeiros, Felipe Albuquerque";"Caracterização de blenda poli-cloreto de vinila e poli-metacrilato de metila, processamento, propriedades e potencial de aplicação."
211;"Kersting, Daniel de Freitas";"Cura de compósitos de sistemas epóxi via irradiação de micro-ondas."
212;"Felisberto, Camila Benini";"Rendimento e cor de selênio e seus compostos na coloração de vidros sodo-cálcicos."
213;"Palmer Martín, Guillermo";"Estudo da viscoelasticidade linear e não linear de misturas de PP/PA-6 compatibilizadas ou não."
214;"Marcos, Paulo Jorge Brazão";"Efeitos de superfície na síntese e estabilização de materiais cerâmicos à base de ZrO2 sintetizados pelo método Pechini."
215;"Moraes, Viviane Tavares de";"Recuperação de metais a partir do processamento mecânico e hidrometalúrgico de placas de circuito impresso de celulares obsoletos."
216;"Costa, Ronaldo Ferreira da";"Efeitos dos parâmetros de usinagem na formação da camada branca em torneamento duro nos aços-rolamento (DIN 100 Cr6)."
217;"Buzzi, Daniella Cardoso";"Aplicação da eletrodiálise no tratamento da drenagem ácida de minas visando a recuperação de ácido sulfúrico."
218;"Romero, Sérgio Antônio";"Microestrutura e propriedades magnéticas de ligas para ímãs nanocristalinos de Sm(CoFeCuZr)z para aplicações em altas temperaturas."
219;"González Ramírez, Mario Fernando";"Influência da microestrutura nas propriedades mecânicas e na fragilização por hidrogênio em um aço microligado."
220;"Oliveira, Marcos Fernandes de";"Estudo da influência de organo-silanos na resistência à corrosão de aço-carbono por meio de técnicas eletroquímicas."
221;"Almeida, Adriano Alex de";"Influência do tamanho de grão, teor de silício e frequência de excitação nas perdas anômalas do aço GNO."
222;"Andrade Centeno, Dany Michell";"Análise microestrutural de junta brasada de aço inoxidável duplex UNS S32101, UNS S32304, UNS S32750 e UNS S32707 com metal de adição a base de níquel."
223;"Barberato, Fernanda";"Estudo de sistemas foto- e eletroluminescentes contendo polifluoreno fluorado e rubreno para aplicação em diodos emissores de luz poliméricos."
224;"Junca, Eduardo";"Estudo da separação e aproveitamento da parte metálica e de óxidos presentes no resíduo gerado no corte de rochas ornamentais."
225;"Gomes, Tiago Evangelista";"Efeitos da temperatura de laminação na formação e na reversão de martensita induzida por deformação no aço inoxidável austenítico AISI 304L."
226;"Matsumoto, Marcos Machado";"Estudo sobre a resistência à ciclagem térmica dos ferros fundidos de alto cromo e do aço ferramenta AISI D2."
227;"Murcia Santanilla, Adriana Johanny";"Recuperação de níquel a partir do licor de lixiviação de placas de circuito impresso de telefones celulares."
228;"Silva, Wanderson Santana da";"Avaliação do comportamento mecânico e tribológico de ligas Ni-Cr-Al-C."
229;"Matos, Camila Martini";"Estudo comparativo das propriedades de dois caulins brasileiros."
230;"Fermino, Danilo Marin";"Propriedades mecânicas e térmicas de nanocompósito híbrido de polipropileno com adição de argila e celulose proveniente de papel descartado."
231;"Farina, Paula Fernanda da Silva";"Efeito das adições de tratamentos criogênicos e de alívio de tensões no ciclo térmico do aço ferramenta AISI D2."
232;"Matroniani, Renato";"Misturas de poliestireno e poliéster líquido-cristalino."
233;"Giroto, Ellen Regina";"O efeito do potencial de oxigênio na oxidação subsuperficial e suas influências nas propriedades magnéticas de aços elétricos após o recozimento final."
234;"Rodrigues, Erick Batista";"Estudo da estabilidade das propriedades mecânicas e químicas de compostos de borracha vulcanizados com enxofre após envelhecimento térmico e oxidativo."
235;"Amurin, Leice Gonçalves";"Estudo do processamento e da orientação microestrutural em nanocompósitos de copolímeros em bloco."
236;"Oliveira, Camila Fernanda de Paula";"Melhoria da resistência no estado fundido do polipropileno através da adição de nanoargilas."
237;"Freitas, Cássia Alves de";"Nanocompósitos poliméricos de poli (tereftalato de butileno) - PBT."
238;"Oliveira, Mariana Perez de";"Influência da adição de nióbio sobre as propriedades mecânicas e de resistência à corrosão de aços inoxidáveis supermartensíticos."
239;"Ariza Echeverri, Edwan Anderson";"Análise numérica e experimental das tensões residuais geradas durante o processo de têmpera de cilindros de aço AISI 1045, 4140 e 4340."
240;"Gonçalves, Cristiane Sales";"Efeito do processo de nitretação sob plasma no comportamento em fadiga térmica dos aços ferramenta para moldes para injeção de alumínio sob pressão."
241;"Silveira, Éder Baroni da";"Estudo da tenacificação do PLA pela adição de elastômero termoplástico EMA-GMA."
242;"Souza, Edith Marie Malateaux de";"Adesivo de contato de policloropreno base aquosa nanoaditivado e condicionado magneticamente."
243;"Paroni, Alexandra Silvia Matheisen";"Estudo do comportamento eletroquímico da liga UNS N07090 em diferentes concentrações de ácido sulfúrico."
244;"Silva, Wanderson Santana da";"Estudo da tenacidade à fratura do aço rápido M2 fundido, modificado e tratado termicamente."
245;"Yoshida, Satoru";"Sistemas poliméricos à base de PEDOT:PSS para aplicação como circuitos e eletrodos de dispositivos."
246;"Abud Filho, Sergio Eduardo";"Estudo da corrosão por interferência de corrente alternada em estruturas enterradas e desenvolvimento de metodologia para sua detecção"
247;"Bastos, Cleide dos Anjos";"Obtenção de nanocompósitos a base de bentonita, amido e quitosana."
248;"Eleno, Luiz Tadeu Fernandes";"Incorporação do volume ao método variacional de clusters."
249;"Mesa Grajales, Dairo Hernan";"Análise dos mecanismos de dano de aços inoxidáveis austeníticos com elevado teor de nitrogênio durante desgaste erosivo por cavitação"
250;"Andrade, Thiago Fontoura de";"Precipitação de fase de laves no aço inoxidável superferrítico 28%Cr-4%Ni-2%Mo-Nb."
251;"Tavares, Viviane";"Caracterização e processamento de telas de cristal líquido visando a reciclagem."
252;"Ribeiro, Tiago Ramos";"Formação da macrossegregação de carbono no silício durante a solidificação direcional ou decantação de carbonetos."
253;"Correia, Carla Almêda";"Obtenção e caracterização de PLA reforçado com nanocelulose."
254;"Lameiras Júnior, Francisco";"Efeito da nucleação de grãos nas previsões do modelo multifásico para a solidificação equiaxial."
255;"Melquíades, Sérgio dos Reis";"O efeito do carbono no aumento do tamanho de grão e nas propriedades magnéticas de aços elétricos semiprocessados após o recozimento final."
256;"Moreira, Victor Caso";"Efeito do teor residual de Fe no recozimento do latão 70/30."
257;"Santos, Vinícius Oliveira dos";"Análise de criticalidade de uma instalação fabril de combustíveis nucleares à base de liga metálica de urânio."
258;"Seixas, Marcus Vinicius de Souza";"Materiais poliméricos para contato com etanol em condições agressivas."
259;"Borges, Ronaldo Adriano Alvarenga";"Análise multivariada dos principais fatores que afetam o desgaste (vida) do revestimento refratário das panelas de transporte de aço na Aciaria da Usina de Cubatão-Usiminas."
260;"Ogata, Paulo Henrique";"Caracterização microestrutural do aço para tubo API 5L-X65 em diferentes regiões da chapa como laminada e após austenitização e resfriamento sob diversas taxas de resfriamento."
261;"Paspardelli, Clayton";"Remoção de Pb e Bi em liga de níquel por refino a vácuo."
262;"Takimoto, Herick Garcia";"Estudo de polifluorenos como camada emissora de dispositivos eletroluminescentes eficientes."
263;"Pereira, Viviam Serra Marques";"Efeito de características microestruturais na difusividade do hidrogênio em dois aços grau API X65."
264;"Sadi, Roberta Kalil";"Estudo da compatibilização e da degradação de blendas polipropileno/poli (3-hidroxibutirato) (PP/PHB)."
265;"Pritzelwitz, Philip von";"Investigação do desgaste de freios e embreagens em prensas mecânicas."
266;"Morais, Viviane Lima de";"Estudo comparativo da deformação a frio e da resistência à corrosão nos aços inoxidáveis austeníticos AISI 201 e AISI 304."
267;"Martins, Thiago Ferreira";"Simulação física de temperaturas de curvamento a quente e sua influência nas propriedades mecânicas de juntas soldadas de tubo de aço API 5L X80."
268;"Bizzo, Maurizio André";"Estudo de elementos filtrantes porosos de polietileno contendo nanopartículas de prata."
269;"Rojas Arango, Juan Marcelo";"Refino de grão das ligas do sistema cobre-estanho."
270;"Denigres Filho, Ricardo Wilson Nastari";"Síntese e evolução térmica de boemitas com diversas morfologias."
271;"Martorano, Marcelo de Aquino";"Efeitos de algumas variáveis de processo na microssegregação da liga Cu-8%Sn."
272;"Massaro, Natalia";"Caracterização e aplicabilidade de vidro de tela de LCD em matriz de Poliamida-6."
273;"Narita, Cesar Yuji";"Estudo da obtenção de briquetes autorredutores de minério de ferro e carvão fóssil endurecidos por tratamento térmico."
274;"Matsubara, Daniel Bojikian";"Caracterização de chapa grossa de aço microligado temperado por meio da técnica de dilatometria."
275;"Oliveira, Orley Magalhães de";"Utilização de resíduos da indústria cerâmica para obtenção de novos produtos cerâmicos."
276;"Peralta, Marvin Marco Chambi";"Uso de um lodo de cromo proveniente da indústria de curtume na fabricação de vidros sodo-cálcicos."
277;"Braga, Ana Paola Villalva";"Análise de ligas de alumínio aeronáuticas conformadas por jateamento com granalhas - caracterização e previsão de deformação."
278;"Nunes, Eduardo";"Inter-relationship of skin pass, 2D and 3D roughness parameters, stampability and paintability on cold rolled steel sheets for the automotive industry."
279;"Furlan, Tarita Shiraishi";"Estudo do efeito do tratamento térmico e da adição de zircônio, vanádio, titânio e manganês nas propriedades mecânicas de uma liga AlSi12CuMgNi para aplicação em altas temperaturas."
280;"Apaza Huallpa, Edgar";"Caracterização da transformação martensítica em temperaturas criogênicas."
281;"Sato, Fernando Luís";"Uso de ensaios de microesclerometria instrumentada no estudo das propriedades da austenita expandida."
282;"Padilha, Angelo Fernando";"Competição entre recuperação e recristalização em uma liga de alumínio contendo dispersão de precipitados."
283;"Mourão, Marcelo Breda";"Estudo experimental da aluminotermia do pentóxido de vanádio."
284;"Mourão, Marcelo Breda";"Análise do processo de redução de minério de ferro por carbono na forma de pelotas auto-redutoras."
285;"Borges, Doris Feijó Leão";"Processamento e caracterização de aluminetos de ferro obtidos a partir de matéria-prima reciclada."
286;"Benegra, Marjorie";"Desenvolvimento in situ de aluminetos de níquel por plasma por arco transferido resistentes à oxidação."
287;"Almeida, Lilian Lacerda de";"Síntese e propriedades do copolímero anfifílico poli(3-hidroxibutirato)-bloco-poli(óxido de etileno) e preparação de nanopartículas."
288;"Carvalho, Leandro Gomes de";"Estudo dilatométrico das transformações de fase em aços maraging M300 e M350."
289;"Blazek, Gustavo Russo";"Estudo da blenda poli(3-hidroxibutirato) / poli(etileno glicol)."
290;"Rocha, Gisele de Araujo";"Síntese e caracterização de hidróxidos de alumínio com duas dimensões nanométricas (morfologia fibrilar) ou com uma dimensão nanométrica (morfologia de placas/lâminas)."
291;"Garcia, Diego Martins";"Influência dos parâmetros de soldagem na resistência à fluência de juntas soldadas de aço  ASTM A 335 P91."
292;"Martins, Priscila Alves";"Uso de aditivos não tóxicos como retardantes de chama em ABS."
293;"Monlevade, Eduardo Franco de";"Estudo das transições morfológicas na decomposição da austenita utilizando um par de difusão Fe-5%Ni/Fe-10%Ni."
294;"Silveira, João Ricardo Filipini da";"Modelamento do efeito do tamanho de grão sobre o campo coercivo de aços elétricos."
295;"Vera Alatrista, Gerardo Augusto";"Preparação e estabilização de uma suspensão cerâmica de porcelana de ossos."
296;"Oliveira, Leticia Mota de";"Caracterização do compósito de borracha natural reforçado com nanocristais de celulose."
297;"Ino, Kimie";"Estudo da reologia de uma massa de porcelana fosfática para uso na conformação em torno elétrico."
298;"Soeiro Junior, Jaime Casanova";"Estudo da soldabilidade do tubo API 5L X80 utilizando os processos de soldagem eletrodo revestido e MAG com transferência controlada na raiz e enchimento com arame tubular autoprotegido."
299;"Tanaka, Marcio Toshio";"Estudo experimental de briquetes autorredutores e auto-aglomerantes de minério de ferro e carvão fóssil."
300;"Rodrigues, Girley Ferreira";"Estudo da redução de pelotas de minérios de ferro por hidrogênio e mistura de hidrogênio com monóxido de carbono."
301;"Lotto, André Alexandrino";"Remoção de fósforo de silício por fusão a vácuo."
302;"Ramirez Londoño, Antonio José";"Estudo da precipitação de nitreto de cromo e fase sigma por simulação térmica da zona afetada pelo calor na soldagem multipasse de aços inoxidáveis duplex."
303;"Goldenstein, Helio";"Algumas reações de decomposição da martensita de Cu-Al: um estudo de caso."
304;"Goldenstein, Helio";"Crescimento competitivo de precipitados .. em cobre-alumínio."
305;"Lima, Moysés Leite de";"Refino de silício metalúrgico por solidificação direcional transiente."
306;"Lopes, Denise Adorno";"Caracterização microestrutural de ligas do sistema U-Nb-Zr, no canto rico em urânio."
307;"Soeiro Junior, Jaime Casanova";"Soldabilidade metalúrgica do aço ASTM A553 tipo I com 9% de ní­quel."
308;"Oliveira, José Mauro Diniz";"Estudo da aplicação de vermiculita como carga ativa em verniz uretânico."
309;"Feltran, Murilo de Barros";"Compósitos de PVC reforçados com fibra de vidro: uso de técnicas de processamento convencionais da indústria brasileira."
310;"Neira, John Bernardo Vilca";"Estudo da recuperação de metais contidos no resíduo niquelífero do processo Caron."
311;"Kurauchi, Martim Hideki Nakayama";"Uma abordagem de ensaio de resistência mecânica de carvão vegetal."
312;"Brito, Silvio Luiz Miranda";"Síntese, caracterização e modificação superficial de nano partículas de titanato de bário produzidas pelo método Pechini."
313;"Pacheco, Ronaldo Feu Rosa";"Estudo sobre a utilização das escórias de aciaria LD naturais ou modificadas para substituição parcial do cimento ou como adição ao clínquer."
314;"Pereira, Gilberto José";"Efeitos da segregação dos íons magnésio ou ferro nas características de superfície e na sinterizaçao do SnO2."
315;"Guimarães, Kleber Lanigra";"Singularidades associadas ao mecanismo de estabilização eletroestérico e seus efeitos sobre o comportamento reológico de suspensões concentradas."
316;"Yee, Márcio";"Estudo do comportamento reológico da mistura polimérica PMMA/PS compatibilizada ou não."
317;"Costa, Wanderley da";"Comportamento das forças de adesão do adesivo selante de silicone e do mastic butílico sob o efeito da radiação ionizante."
318;"Xavier, Marcos Domingos";"Análise da estampabilidade de chapas de aço baixo e médio carbono através de deformações plásticas uniaxiais e ortogonais quase planares."
319;"Hincapie Ladino, Duberney";"Resistência à corrosão e ao trincamento induzido por hidrogênio de aços para tubos API 5L X65."
320;"Santos Filho, Olmede Celestino dos";"Caracterizações de propriedades microestruturais e mecânicas de ligas AA 1100 e AA 5052 processadas pela técnica de laminação acumulativa (Accumulated Roll Bonding - ARB)."
321;"Oliveira, Janaina da Costa Pereira Torres de";"Evolução da microestrutura e da textura durante a laminação a frio e a recristalização de alumínio com diferentes níveis de pureza."
322;"Silva, Adriana Almeida";"Contribuição ao estudo das bentonitas do município de Boa Vista Estado da Paraíba."
323;"Fiore, Marina";"Otimização termodinâmica do sistema binário Ti-Si."
324;"Silva, Daniel José da";"Estudo de copolímeros a base de fluoreno e benzotidiazol em diodos emissores de luz e células fotovoltaicas poliméricas."
325;"Calderon Hernandez, Jose Wilmar";"Efeito da temperatura de revenimento sobre o grau de sensitização e resistência à corrosão por pite de aços inoxidáveis supermartensíticos contendo 13% Cr, 5% Ni, com e sem adições de Nb e Mo."
326;"Angelo, Clayton Mamedes";"Estudo do efeito de pausas introduzidas em testes de fadiga de amplitude variável."
327;"Espitia Sanjuan, Luis Armando";"Comportamento em desgaste por erosão cavitação, erosão - corrosão e em ensaios de microesclerometria linear instrumentada de um aço inoxidável martensítico AISI 410 nitretado a plasma em baixa temperatura, utilizando a tecnologia de tela ativa."
328;"Monlevade, Eduardo Franco de";"Relações de orientação resultantes da precipitação de austenita em ferrita em aço inoxidável dúplex."
329;"Factori, Irina Marinho";"Processamento e propriedades de compósitos de poliamida 6.6 reforçada com partículas de vidro reciclado."
330;"Calvão, Patrícia Schmid";"Obtenção e caracterização de misturas do polímero biodegradável P[3HB] e seu copolímero P[3HB-co-3HV] com elastômeros."
331;"Lopes, Denise Adorno";"Interação entre precipitação e recristalização em liga de urânio contendo nióbio e zircônio (Mulberry alloy)."
332;"Silvas, Flávia Paulucci Cianga";"Biotecnologia aplicada ao tratamento de drenagem ácida de mina."
333;"Maia, Rafael Rocha";"Análise de inclusões de escória em amostras arqueológicas da fábrica de ferro de Ipanema."
334;"Junca, Eduardo";"Reciclagem de poeira de aciaria: estudo da redução da poeira de aciaria LD, elétrica e ferrita de zinco."
335;"Slaughter, Christian";"Espada de Damasco: um produto da civilização islâmica."
336;"Farina, Alexandre Bellegard";"Efeito do teor de ferro e do tratamento térmico na microestrutura e propriedades da liga UNS N06625."
337;"Rodrigues Junior, Daniel Luiz";"Efeito da deformação plástica sobre as propriedades magnéticas em aços para fins elétricos."
338;"Capeletti, Thiago";"Estudo da brasabilidade de contatos elétricos por metal de adição 40%Ag-21%Zn-20%Cd-19%Cu."
339;"Ramalho, José Pinto";"Oxicorte: estudo da transferência de calor e modelamento por redes neurais artificiais de variáveis do processo."
340;"Riani, Josiane Costa";"Utilização de resinas de troca-iônica em efluentes de galvanoplastia."
341;"Lázaro Colán, Victoria Amelia";"Perdas em ferritas de manganês zinco: o papel da sinterização e de parâmetros microestruturais."
342;"Harada, Nikolas Sinji";"Desenvolvimento de membranas compósitas de poliuretano pelo processo de eletrofiação."
343;"Martins, Juliana de Paula";"Evolução da microestrutura e da textura durante o processamento de chapas da liga Al-Mn-Fe-Si (3003) produzidas por lingotamento contínuo: um estudo comparativo com o processo semi-contínuo."
344;"Furlan, Tarita Shiraishi";"Influência do teor de estrôncio na modificação da liga A356."
345;"Caradec, Pierre D'Amelio Briquet";"Modelo matemático para previsão da macroestrutura bruta de solidificação sob efeito da decantação de grãos equiaxiais."
346;"Martins, Gilmar Antonio dos Santos";"Identificação de plásticos comerciais por meio de um nariz eletrônico baseado em polímeros condutores."
